Jacob-mathhew,19245
Harold,45ds2@dshd
Aman,14q1223
Raj,2132sd@dsh
Bhaskar,14qw2Wqw2
Alice-Johnson,6&L!$8@T
Bob-Miller,2^P&$4@M
Charlie-Williams,7&H!@9*Y
David-Jones,5$G^&1@X
Eve-Davis,3@J&6$K
Frank-Smith,9&M!$2@R
Grace-Johnson,1^P&$7@T
Hannah-Miller,8&L!$3@M
Alice-Williams,4&H!@5*Y
Bob-Jones,6$G^&8@X
Charlie-Davis,2@J&4$K
David-Brown,7&M!$1@R
Eve-Johnson,5&L!$9@T
Frank-Miller,3^P&$6@M
Grace-Williams,9&H!@2*Y
Hannah-Jones,1@G^&7@X
Alice-Davis,8$J&3@K
Bob-Brown,4&M!$5@R
Charlie-Smith,6^P&$9@M
David-Johnson,2&L!$1@T
Eve-Miller,7$H!@4*Y
Frank-Williams,5@G^&8@X
Grace-Jones,3^P&$2@M
Hannah-Davis,9&J!@6*K
Alice-Smith,1&M!$3@R
Bob-Johnson,8^P&$5@T
Charlie-Brown,6&H!@9*Y
David-Miller,4$G^&1@X
Eve-Williams,2@J&7$K
Frank-Jones,7&L!$8@M
Grace-Davis,5^P&$3@R
Hannah-Smith,3$G!@2*Y
Alice-Johnson,9&M!$6@T
Bob-Miller,1^P&$4@M
Charlie-Williams,8&H!@7*X
David-Jones,6$J!@5*K
Eve-Davis,4&M!$2@R
Frank-Smith,2^P&$9@T
Grace-Johnson,7&L!$1@M
Hannah-Miller,5$H!@8*X
Alice-Williams,3^P&$6@K
Bob-Jones,9&M!$7@R
Charlie-Davis,1@J&4*T
David-Brown,8$G^&3@M
Eve-Johnson,6&L!$5@K
Frank-Miller,4$H!@9*X
Grace-Smith,7^P&$5@M
Hannah-Johnson,3&L!$8@T
Alice-Brown,9$H!@2*Y
Bob-Davis,6&M!$4@R
Charlie-Miller,1@J&7$K
David-Williams,5&G!@9*X
Eve-Jones,8^P&$3@M
Frank-Davis,2&M!$6@R
Grace-Williams,4$L!@1*T
Hannah-Jones,7&H!@5*Y
Alice-Miller,3^P&$8@M
Bob-Smith,9$J!@2*X
Charlie-Johnson,6&M!$7@R
David-Brown,1^P&$9@K
Eve-Smith,8&H!@4*T
Frank-Jones,5$G!@3*Y
Grace-Davis,2&L!$6@M
Hannah-Williams,4$J!@1*X
Alice-Jones,7^P&$8@K
Bob-Davis,3&M!$5@R
Charlie-Miller,9&G!@2*X
David-Williams,6$H!@7*Y
Eve-Smith,1^P&$4@M
Frank-Johnson,8&M!$9@R
Grace-Brown,5&L!$3@T
Hannah-Davis,2$G!@6*X
Alice-Jones,9^P&$7@K
Bob-Smith,4&H!@5*T
Charlie-Johnson,7$J!@3*X
David-Brown,2&M!$8@R
Eve-Williams,5^P&$6@M
Frank-Davis,8&L!$9*T
Grace-Miller,1$J!@4*X
Hannah-Smith,6&M!$2@R
Alice-Williams,3^P&$5@M
Bob-Jones,9&H!@8*T
Charlie-Davis,4$L!$7@K
David-Johnson,2&G!@9*X
Eve-Brown,6$H!@3*Y
Frank-Smith,1^P&$4@M
Grace-Jones,7&L!$2@T
Hannah-Miller,8$J!@5*X
Alice-Williams,5&H!@6*Y
Bob-Jones,3$G!@7*X
Charlie-Davis,9^P&$8@K
David-Johnson,4&M!$1@R
Eve-Brown,6$H!@3*Y
Michael-Ross,1254@3rqq
sangam,1234
vikash1023,IVxnfu@99
siddanth1023,FVqqnagu@99
